timeStamp,elapsed,label,responseCode,responseMessage,threadName,dataType,success,failureMessage,bytes,sentBytes,grpThreads,allThreads,URL,Latency,IdleTime,Connect
1731938459950,898,LunchBrowser,200,OK,Thread Group 1-58,text,true,,1461,697,100,100,https://bstackdemo.com/,896,0,552
1731938459461,1386,LunchBrowser,200,OK,Thread Group 1-12,text,true,,1461,697,100,100,https://bstackdemo.com/,1385,0,1115
1731938459967,881,LunchBrowser,200,OK,Thread Group 1-66,text,true,,1461,697,100,100,https://bstackdemo.com/,879,0,616
1731938460025,822,LunchBrowser,200,OK,Thread Group 1-64,text,true,,1466,697,100,100,https://bstackdemo.com/,821,0,592
1731938459544,1304,LunchBrowser,200,OK,Thread Group 1-33,text,true,,1466,697,100,100,https://bstackdemo.com/,1302,0,1043
1731938459725,1175,LunchBrowser,200,OK,Thread Group 1-41,text,true,,1461,697,100,100,https://bstackdemo.com/,1175,0,850
1731938459504,1399,LunchBrowser,200,OK,Thread Group 1-28,text,true,,1461,697,100,100,https://bstackdemo.com/,1399,0,1019
1731938460008,895,LunchBrowser,200,OK,Thread Group 1-63,text,true,,1461,697,100,100,https://bstackdemo.com/,895,0,629
1731938460031,872,LunchBrowser,200,OK,Thread Group 1-70,text,true,,1466,697,100,100,https://bstackdemo.com/,872,0,581
1731938459729,1176,LunchBrowser,200,OK,Thread Group 1-42,text,true,,1461,697,100,100,https://bstackdemo.com/,1171,0,849
1731938459970,1047,LunchBrowser,200,OK,Thread Group 1-60,text,true,,1466,697,100,100,https://bstackdemo.com/,1047,0,607
1731938459426,1592,LunchBrowser,200,OK,Thread Group 1-15,text,true,,1466,697,100,100,https://bstackdemo.com/,1592,0,1155
1731938459422,1596,LunchBrowser,200,OK,Thread Group 1-14,text,true,,1461,697,100,100,https://bstackdemo.com/,1596,0,1108
1731938459442,1580,LunchBrowser,200,OK,Thread Group 1-11,text,true,,1461,697,100,100,https://bstackdemo.com/,1579,0,1144
1731938460046,976,LunchBrowser,200,OK,Thread Group 1-73,text,true,,1461,697,100,100,https://bstackdemo.com/,976,0,608
1731938459498,1524,LunchBrowser,200,OK,Thread Group 1-26,text,true,,1461,697,100,100,https://bstackdemo.com/,1524,0,1062
1731938459460,1585,LunchBrowser,200,OK,Thread Group 1-1,text,true,,1461,697,100,100,https://bstackdemo.com/,1585,0,1079
1731938459597,1428,LunchBrowser,200,OK,Thread Group 1-39,text,true,,1461,697,100,100,https://bstackdemo.com/,1428,0,928
1731938459462,1585,LunchBrowser,200,OK,Thread Group 1-8,text,true,,1461,697,100,100,https://bstackdemo.com/,1585,0,1107
1731938459926,1108,LunchBrowser,200,OK,Thread Group 1-55,text,true,,1461,697,100,100,https://bstackdemo.com/,1108,0,754
1731938459421,1614,LunchBrowser,200,OK,Thread Group 1-17,text,true,,1461,697,100,100,https://bstackdemo.com/,1613,0,1143
1731938460071,964,LunchBrowser,200,OK,Thread Group 1-75,text,true,,1461,697,100,100,https://bstackdemo.com/,963,0,615
1731938459482,1555,LunchBrowser,200,OK,Thread Group 1-23,text,true,,1461,697,100,100,https://bstackdemo.com/,1554,0,1203
1731938460098,939,LunchBrowser,200,OK,Thread Group 1-77,text,true,,1461,697,100,100,https://bstackdemo.com/,938,0,588
1731938460087,950,LunchBrowser,200,OK,Thread Group 1-76,text,true,,1461,697,100,100,https://bstackdemo.com/,950,0,596
1731938459983,1055,LunchBrowser,200,OK,Thread Group 1-67,text,true,,1461,697,100,100,https://bstackdemo.com/,1055,0,565
1731938459560,1529,LunchBrowser,200,OK,Thread Group 1-38,text,true,,1461,697,100,100,https://bstackdemo.com/,1529,0,981
1731938460359,730,LunchBrowser,200,OK,Thread Group 1-87,text,true,,1461,697,100,100,https://bstackdemo.com/,730,0,377
1731938459548,1543,LunchBrowser,200,OK,Thread Group 1-34,text,true,,1461,697,100,100,https://bstackdemo.com/,1542,0,991
1731938459988,1108,LunchBrowser,200,OK,Thread Group 1-68,text,true,,1461,697,100,100,https://bstackdemo.com/,1103,0,538
1731938459531,1571,LunchBrowser,200,OK,Thread Group 1-30,text,true,,1461,697,100,100,https://bstackdemo.com/,1571,0,1241
1731938460358,745,LunchBrowser,200,OK,Thread Group 1-89,text,true,,1461,697,100,100,https://bstackdemo.com/,744,0,390
1731938459965,1141,LunchBrowser,200,OK,Thread Group 1-65,text,true,,1461,697,100,100,https://bstackdemo.com/,1141,0,795
1731938460110,997,LunchBrowser,200,OK,Thread Group 1-86,text,true,,1461,697,100,100,https://bstackdemo.com/,996,0,652
1731938460058,1050,LunchBrowser,200,OK,Thread Group 1-71,text,true,,1461,697,100,100,https://bstackdemo.com/,1049,0,629
1731938459959,1149,LunchBrowser,200,OK,Thread Group 1-59,text,true,,1461,697,100,100,https://bstackdemo.com/,1149,0,823
1731938459941,1168,LunchBrowser,200,OK,Thread Group 1-57,text,true,,1461,697,100,100,https://bstackdemo.com/,1168,0,748
1731938460061,1048,LunchBrowser,200,OK,Thread Group 1-74,text,true,,1461,697,100,100,https://bstackdemo.com/,1048,0,630
1731938459991,1120,LunchBrowser,200,OK,Thread Group 1-62,text,true,,1461,697,100,100,https://bstackdemo.com/,1120,0,688
1731938460379,733,LunchBrowser,200,OK,Thread Group 1-81,text,true,,1461,697,100,100,https://bstackdemo.com/,733,0,372
1731938460049,1063,LunchBrowser,200,OK,Thread Group 1-72,text,true,,1461,697,100,100,https://bstackdemo.com/,1063,0,638
1731938460357,756,LunchBrowser,200,OK,Thread Group 1-88,text,true,,1461,697,100,100,https://bstackdemo.com/,756,0,389
1731938459557,1557,LunchBrowser,200,OK,Thread Group 1-37,text,true,,1461,697,100,100,https://bstackdemo.com/,1557,0,1127
1731938460354,760,LunchBrowser,200,OK,Thread Group 1-79,text,true,,1461,697,100,100,https://bstackdemo.com/,760,0,395
1731938459484,1646,LunchBrowser,200,OK,Thread Group 1-9,text,true,,1461,697,100,100,https://bstackdemo.com/,1646,0,1331
1731938459418,1696,LunchBrowser,200,OK,Thread Group 1-13,text,true,,1461,697,100,100,https://bstackdemo.com/,1696,0,1263
1731938459535,1582,LunchBrowser,200,OK,Thread Group 1-31,text,true,,1461,697,100,100,https://bstackdemo.com/,1582,0,1275
1731938459554,1558,LunchBrowser,200,OK,Thread Group 1-36,text,true,,1461,697,100,100,https://bstackdemo.com/,1558,0,1231
1731938459984,1136,LunchBrowser,200,OK,Thread Group 1-61,text,true,,1461,697,100,100,https://bstackdemo.com/,1135,0,825
1731938459469,1673,LunchBrowser,200,OK,Thread Group 1-3,text,true,,1461,697,100,100,https://bstackdemo.com/,1673,0,1375
1731938459484,1638,LunchBrowser,200,OK,Thread Group 1-24,text,true,,1461,697,100,100,https://bstackdemo.com/,1626,0,1036
1731938460853,271,SignIn,200,OK,Thread Group 1-33,text,true,,274,712,100,100,https://bstackdemo.com/api/signin,267,0,0
1731938460854,270,SignIn,200,OK,Thread Group 1-12,text,true,,274,712,100,100,https://bstackdemo.com/api/signin,268,0,0
1731938460853,273,SignIn,200,OK,Thread Group 1-64,text,true,,274,712,100,100,https://bstackdemo.com/api/signin,268,0,0
1731938459462,1687,LunchBrowser,200,OK,Thread Group 1-7,text,true,,1461,697,100,100,https://bstackdemo.com/,1687,0,1371
1731938459449,1678,LunchBrowser,200,OK,Thread Group 1-18,text,true,,1461,697,100,100,https://bstackdemo.com/,1678,0,1384
1731938460872,256,SignIn,200,OK,Thread Group 1-58,text,true,,274,712,100,100,https://bstackdemo.com/api/signin,249,0,0
1731938460856,273,SignIn,200,OK,Thread Group 1-66,text,true,,274,712,100,100,https://bstackdemo.com/api/signin,264,0,0
1731938459477,1653,LunchBrowser,200,OK,Thread Group 1-21,text,true,,1461,697,100,100,https://bstackdemo.com/,1652,0,1336
1731938460904,236,SignIn,200,OK,Thread Group 1-28,text,true,,274,712,100,100,https://bstackdemo.com/api/signin,236,0,0
1731938459492,1654,LunchBrowser,200,OK,Thread Group 1-27,text,true,,1461,697,100,100,https://bstackdemo.com/,1654,0,1314
1731938460904,243,SignIn,200,OK,Thread Group 1-70,text,true,,274,712,100,100,https://bstackdemo.com/api/signin,243,0,0
1731938459873,1274,LunchBrowser,200,OK,Thread Group 1-48,text,true,,1461,697,100,100,https://bstackdemo.com/,1274,0,1047
1731938459897,1250,LunchBrowser,200,OK,Thread Group 1-51,text,true,,1461,697,100,100,https://bstackdemo.com/,1250,0,1019
1731938459469,1679,LunchBrowser,200,OK,Thread Group 1-20,text,true,,1461,697,100,100,https://bstackdemo.com/,1679,0,1455
1731938460901,248,SignIn,200,OK,Thread Group 1-41,text,true,,274,712,100,100,https://bstackdemo.com/api/signin,248,0,0
1731938459442,1729,LunchBrowser,200,OK,Thread Group 1-5,text,true,,1461,697,100,100,https://bstackdemo.com/,1729,0,1392
1731938460906,244,SignIn,200,OK,Thread Group 1-42,text,true,,274,712,100,100,https://bstackdemo.com/api/signin,244,0,0
1731938459905,1245,LunchBrowser,200,OK,Thread Group 1-52,text,true,,1461,697,100,100,https://bstackdemo.com/,1245,0,1007
1731938459921,1230,LunchBrowser,200,OK,Thread Group 1-54,text,true,,1461,697,100,100,https://bstackdemo.com/,1230,0,978
1731938459443,1730,LunchBrowser,200,OK,Thread Group 1-10,text,true,,1466,697,100,100,https://bstackdemo.com/,1730,0,1493
1731938460904,249,SignIn,200,OK,Thread Group 1-63,text,true,,274,712,100,100,https://bstackdemo.com/api/signin,249,0,0
1731938459461,1716,LunchBrowser,200,OK,Thread Group 1-2,text,true,,1461,697,100,100,https://bstackdemo.com/,1716,0,1395
1731938459487,1671,LunchBrowser,200,OK,Thread Group 1-25,text,true,,1461,697,100,100,https://bstackdemo.com/,1671,0,1321
1731938459827,1333,LunchBrowser,200,OK,Thread Group 1-43,text,true,,1461,697,100,100,https://bstackdemo.com/,1330,0,1100
1731938459519,1643,LunchBrowser,200,OK,Thread Group 1-29,text,true,,1461,697,100,100,https://bstackdemo.com/,1643,0,1390
1731938459833,1332,LunchBrowser,200,OK,Thread Group 1-45,text,true,,1461,697,100,100,https://bstackdemo.com/,1332,0,1079
1731938459460,1731,LunchBrowser,200,OK,Thread Group 1-6,text,true,,1466,697,100,100,https://bstackdemo.com/,1730,0,1554
1731938459891,1281,LunchBrowser,200,OK,Thread Group 1-50,text,true,,1466,697,100,100,https://bstackdemo.com/,1281,0,1107
1731938461019,155,SignIn,200,OK,Thread Group 1-14,text,true,,274,712,100,100,https://bstackdemo.com/api/signin,155,0,0
1731938459845,1331,LunchBrowser,200,OK,Thread Group 1-46,text,true,,1466,697,100,100,https://bstackdemo.com/,1331,0,1094
1731938461023,163,SignIn,200,OK,Thread Group 1-73,text,true,,274,712,100,100,https://bstackdemo.com/api/signin,163,0,0
1731938459546,1642,LunchBrowser,200,OK,Thread Group 1-32,text,true,,1466,697,100,100,https://bstackdemo.com/,1642,0,1470
1731938461026,165,SignIn,200,OK,Thread Group 1-39,text,true,,274,712,100,100,https://bstackdemo.com/api/signin,165,0,0
1731938461023,170,SignIn,200,OK,Thread Group 1-26,text,true,,274,712,100,100,https://bstackdemo.com/api/signin,170,0,0
1731938459554,1641,LunchBrowser,200,OK,Thread Group 1-35,text,true,,1466,697,100,100,https://bstackdemo.com/,1641,0,1430
1731938461035,162,SignIn,200,OK,Thread Group 1-75,text,true,,274,712,100,100,https://bstackdemo.com/api/signin,162,0,0
1731938461022,177,SignIn,200,OK,Thread Group 1-11,text,true,,274,712,100,100,https://bstackdemo.com/api/signin,177,0,0
1731938461035,165,SignIn,200,OK,Thread Group 1-55,text,true,,274,712,100,100,https://bstackdemo.com/api/signin,165,0,0
1731938461019,183,SignIn,200,OK,Thread Group 1-60,text,true,,274,712,100,100,https://bstackdemo.com/api/signin,183,0,0
1731938459421,1784,LunchBrowser,200,OK,Thread Group 1-16,text,true,,1466,697,100,100,https://bstackdemo.com/,1783,0,1596
1731938461019,188,SignIn,200,OK,Thread Group 1-15,text,true,,274,712,100,100,https://bstackdemo.com/api/signin,188,0,0
1731938461030,179,SignIn,200,OK,Thread Group 1-8,text,true,,274,712,100,100,https://bstackdemo.com/api/signin,179,0,0
1731938459462,1769,LunchBrowser,200,OK,Thread Group 1-4,text,true,,1466,697,100,100,https://bstackdemo.com/,1769,0,1576
1731938461024,186,SignIn,200,OK,Thread Group 1-1,text,true,,274,712,100,100,https://bstackdemo.com/api/signin,186,0,0
1731938459836,1375,LunchBrowser,200,OK,Thread Group 1-44,text,true,,1461,697,100,100,https://bstackdemo.com/,1374,0,1185
1731938461038,173,SignIn,200,OK,Thread Group 1-76,text,true,,274,712,100,100,https://bstackdemo.com/api/signin,173,0,0
1731938461037,174,SignIn,200,OK,Thread Group 1-23,text,true,,274,712,100,100,https://bstackdemo.com/api/signin,174,0,0
1731938461039,173,SignIn,200,OK,Thread Group 1-67,text,true,,274,712,100,100,https://bstackdemo.com/api/signin,173,0,0
1731938459598,1614,LunchBrowser,200,OK,Thread Group 1-40,text,true,,1466,697,100,100,https://bstackdemo.com/,1614,0,1392
1731938459849,1365,LunchBrowser,200,OK,Thread Group 1-47,text,true,,1466,697,100,100,https://bstackdemo.com/,1365,0,1166
1731938461037,180,SignIn,200,OK,Thread Group 1-77,text,true,,274,712,100,100,https://bstackdemo.com/api/signin,180,0,0
1731938461036,183,SignIn,200,OK,Thread Group 1-17,text,true,,274,712,100,100,https://bstackdemo.com/api/signin,183,0,0
1731938459934,1289,LunchBrowser,200,OK,Thread Group 1-56,text,true,,1466,697,100,100,https://bstackdemo.com/,1289,0,1081
1731938459913,1312,LunchBrowser,200,OK,Thread Group 1-53,text,true,,1466,697,100,100,https://bstackdemo.com/,1312,0,1102
1731938459479,1748,LunchBrowser,200,OK,Thread Group 1-22,text,true,,1466,697,100,100,https://bstackdemo.com/,1748,0,1531
1731938459474,1764,LunchBrowser,200,OK,Thread Group 1-19,text,true,,1466,697,100,100,https://bstackdemo.com/,1763,0,1547
1731938459886,1355,LunchBrowser,200,OK,Thread Group 1-49,text,true,,1466,697,100,100,https://bstackdemo.com/,1354,0,1143
1731938460598,650,LunchBrowser,200,OK,Thread Group 1-82,text,true,,1466,697,100,100,https://bstackdemo.com/,650,0,446
1731938460354,895,LunchBrowser,200,OK,Thread Group 1-78,text,true,,1466,697,100,100,https://bstackdemo.com/,894,0,693
1731938461090,161,SignIn,200,OK,Thread Group 1-87,text,true,,274,712,100,100,https://bstackdemo.com/api/signin,161,0,0
1731938461090,161,SignIn,200,OK,Thread Group 1-38,text,true,,274,712,100,100,https://bstackdemo.com/api/signin,161,0,0
1731938460613,644,LunchBrowser,200,OK,Thread Group 1-91,text,true,,1466,697,100,100,https://bstackdemo.com/,644,0,438
1731938461092,167,SignIn,200,OK,Thread Group 1-34,text,true,,274,712,100,100,https://bstackdemo.com/api/signin,167,0,0
1731938461104,169,SignIn,200,OK,Thread Group 1-89,text,true,,274,712,100,100,https://bstackdemo.com/api/signin,169,0,0
1731938461109,166,SignIn,200,OK,Thread Group 1-57,text,true,,274,712,100,100,https://bstackdemo.com/api/signin,166,0,0
1731938461113,164,SignIn,200,OK,Thread Group 1-72,text,true,,274,712,100,100,https://bstackdemo.com/api/signin,163,0,0
1731938461110,169,SignIn,200,OK,Thread Group 1-74,text,true,,274,712,100,100,https://bstackdemo.com/api/signin,169,0,0
1731938461107,174,SignIn,200,OK,Thread Group 1-65,text,true,,274,712,100,100,https://bstackdemo.com/api/signin,174,0,0
1731938461103,180,SignIn,200,OK,Thread Group 1-30,text,true,,274,712,100,100,https://bstackdemo.com/api/signin,180,0,0
1731938461111,173,SignIn,200,OK,Thread Group 1-68,text,true,,274,712,100,100,https://bstackdemo.com/api/signin,173,0,0
1731938461115,170,SignIn,200,OK,Thread Group 1-79,text,true,,274,712,100,100,https://bstackdemo.com/api/signin,170,0,0
1731938461107,180,SignIn,200,OK,Thread Group 1-86,text,true,,274,712,100,100,https://bstackdemo.com/api/signin,180,0,0
1731938461109,179,SignIn,200,OK,Thread Group 1-59,text,true,,274,712,100,100,https://bstackdemo.com/api/signin,179,0,0
1731938461120,170,SignIn,200,OK,Thread Group 1-61,text,true,,274,712,100,100,https://bstackdemo.com/api/signin,170,0,0
1731938461112,180,SignIn,200,OK,Thread Group 1-62,text,true,,274,712,100,100,https://bstackdemo.com/api/signin,180,0,0
1731938461112,180,SignIn,200,OK,Thread Group 1-81,text,true,,274,712,100,100,https://bstackdemo.com/api/signin,180,0,0
1731938461118,174,SignIn,200,OK,Thread Group 1-36,text,true,,274,712,100,100,https://bstackdemo.com/api/signin,174,0,0
1731938461114,181,SignIn,200,OK,Thread Group 1-88,text,true,,274,712,100,100,https://bstackdemo.com/api/signin,181,0,0
1731938460625,670,LunchBrowser,200,OK,Thread Group 1-84,text,true,,1466,697,100,100,https://bstackdemo.com/,670,0,460
1731938461108,186,SignIn,200,OK,Thread Group 1-71,text,true,,274,712,100,100,https://bstackdemo.com/api/signin,186,0,0
1731938461115,179,SignIn,200,OK,Thread Group 1-37,text,true,,274,712,100,100,https://bstackdemo.com/api/signin,179,0,0
1731938461121,174,SignIn,200,OK,Thread Group 1-3,text,true,,274,712,100,100,https://bstackdemo.com/api/signin,174,0,0
1731938461115,180,SignIn,200,OK,Thread Group 1-9,text,true,,274,712,100,100,https://bstackdemo.com/api/signin,180,0,0
1731938461118,182,SignIn,200,OK,Thread Group 1-31,text,true,,274,712,100,100,https://bstackdemo.com/api/signin,182,0,0
1731938461123,178,SignIn,200,OK,Thread Group 1-24,text,true,,274,712,100,100,https://bstackdemo.com/api/signin,178,0,0
1731938461115,188,SignIn,200,OK,Thread Group 1-13,text,true,,274,712,100,100,https://bstackdemo.com/api/signin,188,0,0
1731938460696,612,LunchBrowser,200,OK,Thread Group 1-94,text,true,,1466,697,100,100,https://bstackdemo.com/,612,0,399
1731938461130,178,SignIn,200,OK,Thread Group 1-21,text,true,,274,712,100,100,https://bstackdemo.com/api/signin,178,0,0
1731938460695,614,LunchBrowser,200,OK,Thread Group 1-95,text,true,,1466,697,100,100,https://bstackdemo.com/,614,0,406
1731938460623,687,LunchBrowser,200,OK,Thread Group 1-92,text,true,,1466,697,100,100,https://bstackdemo.com/,686,0,475
1731938461128,187,SignIn,200,OK,Thread Group 1-18,text,true,,274,712,100,100,https://bstackdemo.com/api/signin,187,0,0
1731938461128,191,SignIn,200,OK,Thread Group 1-7,text,true,,274,712,100,100,https://bstackdemo.com/api/signin,191,0,0
1731938461147,184,SignIn,200,OK,Thread Group 1-27,text,true,,274,712,100,100,https://bstackdemo.com/api/signin,184,0,0
1731938461151,182,SignIn,200,OK,Thread Group 1-54,text,true,,274,712,100,100,https://bstackdemo.com/api/signin,182,0,0
1731938461148,186,SignIn,200,OK,Thread Group 1-48,text,true,,274,712,100,100,https://bstackdemo.com/api/signin,186,0,0
1731938461151,183,SignIn,200,OK,Thread Group 1-52,text,true,,274,712,100,100,https://bstackdemo.com/api/signin,183,0,0
1731938461150,185,SignIn,200,OK,Thread Group 1-5,text,true,,274,712,100,100,https://bstackdemo.com/api/signin,185,0,0
1731938461148,187,SignIn,200,OK,Thread Group 1-51,text,true,,274,712,100,100,https://bstackdemo.com/api/signin,187,0,0
1731938461170,168,SignIn,200,OK,Thread Group 1-6,text,true,,274,712,100,100,https://bstackdemo.com/api/signin,168,0,0
1731938460381,959,LunchBrowser,200,OK,Thread Group 1-90,text,true,,1461,697,100,100,https://bstackdemo.com/,959,0,758
1731938461173,170,SignIn,200,OK,Thread Group 1-50,text,true,,274,712,100,100,https://bstackdemo.com/api/signin,170,0,0
1731938461152,192,SignIn,200,OK,Thread Group 1-10,text,true,,274,712,100,100,https://bstackdemo.com/api/signin,192,0,0
1731938461159,185,SignIn,200,OK,Thread Group 1-25,text,true,,274,712,100,100,https://bstackdemo.com/api/signin,185,0,0
1731938460718,626,LunchBrowser,200,OK,Thread Group 1-99,text,true,,1466,697,100,100,https://bstackdemo.com/,626,0,418
1731938460714,631,LunchBrowser,200,OK,Thread Group 1-98,text,true,,1466,697,100,100,https://bstackdemo.com/,631,0,429
1731938461149,194,SignIn,200,OK,Thread Group 1-20,text,true,,274,712,100,100,https://bstackdemo.com/api/signin,194,0,0
1731938461128,214,Orders,404,Not Found,Thread Group 1-58,text,false,,1620,579,100,100,https://bstackdemo.com/api/rders?userName=demouser,214,0,0
1731938461151,194,Orders,404,Not Found,Thread Group 1-42,text,false,,1620,579,100,100,https://bstackdemo.com/api/rders?userName=demouser,194,0,0
1731938461156,196,SignIn,200,OK,Thread Group 1-2,text,true,,274,712,100,100,https://bstackdemo.com/api/signin,195,0,0
1731938461189,165,SignIn,200,OK,Thread Group 1-32,text,true,,274,712,100,100,https://bstackdemo.com/api/signin,164,0,0
1731938461125,219,Orders,404,Not Found,Thread Group 1-33,text,false,,1620,579,100,100,https://bstackdemo.com/api/rders?userName=demouser,218,0,0
1731938460708,649,LunchBrowser,200,OK,Thread Group 1-96,text,true,,1466,697,100,100,https://bstackdemo.com/,649,0,427
1731938461161,198,SignIn,200,OK,Thread Group 1-43,text,true,,274,712,100,100,https://bstackdemo.com/api/signin,198,0,0
1731938461154,207,Orders,404,Not Found,Thread Group 1-63,text,false,,1620,579,100,100,https://bstackdemo.com/api/rders?userName=demouser,207,0,0
1731938461125,238,Orders,404,Not Found,Thread Group 1-12,text,false,,1620,579,100,100,https://bstackdemo.com/api/rders?userName=demouser,238,0,0
1731938461163,201,SignIn,200,OK,Thread Group 1-29,text,true,,274,712,100,100,https://bstackdemo.com/api/signin,201,0,0
1731938461177,187,SignIn,200,OK,Thread Group 1-46,text,true,,274,712,100,100,https://bstackdemo.com/api/signin,187,0,0
1731938461166,198,SignIn,200,OK,Thread Group 1-45,text,true,,274,712,100,100,https://bstackdemo.com/api/signin,198,0,0
1731938460720,645,LunchBrowser,200,OK,Thread Group 1-100,text,true,,1466,697,100,100,https://bstackdemo.com/,644,0,417
1731938461141,225,Orders,404,Not Found,Thread Group 1-28,text,false,,1620,579,100,100,https://bstackdemo.com/api/rders?userName=demouser,225,0,0
1731938461129,237,Orders,404,Not Found,Thread Group 1-66,text,false,,1620,579,100,100,https://bstackdemo.com/api/rders?userName=demouser,237,0,0
1731938461127,216,Orders,404,Not Found,Thread Group 1-64,text,false,,1620,579,100,100,https://bstackdemo.com/api/rders?userName=demouser,216,0,0
1731938460004,1362,LunchBrowser,200,OK,Thread Group 1-69,text,true,,1466,697,100,100,https://bstackdemo.com/,1362,0,1141
1731938460367,1001,LunchBrowser,200,OK,Thread Group 1-80,text,true,,1466,697,100,100,https://bstackdemo.com/,1000,0,768
1731938460620,748,LunchBrowser,200,OK,Thread Group 1-83,text,true,,1466,697,100,100,https://bstackdemo.com/,748,0,515
1731938460627,742,LunchBrowser,200,OK,Thread Group 1-93,text,true,,1466,697,100,100,https://bstackdemo.com/,742,0,512
1731938460630,741,LunchBrowser,200,OK,Thread Group 1-85,text,true,,1466,697,100,100,https://bstackdemo.com/,741,0,507
1731938461147,196,Orders,404,Not Found,Thread Group 1-70,text,false,,1620,579,100,100,https://bstackdemo.com/api/rders?userName=demouser,196,0,0
1731938461196,180,SignIn,200,OK,Thread Group 1-35,text,true,,274,712,100,100,https://bstackdemo.com/api/signin,180,0,0
1731938461205,172,SignIn,200,OK,Thread Group 1-16,text,true,,274,712,100,100,https://bstackdemo.com/api/signin,172,0,0
1731938461213,166,SignIn,200,OK,Thread Group 1-40,text,true,,274,712,100,100,https://bstackdemo.com/api/signin,166,0,0
1731938461175,205,Orders,404,Not Found,Thread Group 1-14,text,false,,1620,579,100,100,https://bstackdemo.com/api/rders?userName=demouser,205,0,0
1731938461211,170,SignIn,200,OK,Thread Group 1-44,text,true,,274,712,100,100,https://bstackdemo.com/api/signin,170,0,0
1731938461149,232,Orders,404,Not Found,Thread Group 1-41,text,false,,1620,579,100,100,https://bstackdemo.com/api/rders?userName=demouser,232,0,0
1731938461210,172,SignIn,200,OK,Thread Group 1-4,text,true,,274,712,100,100,https://bstackdemo.com/api/signin,172,0,0
1731938461224,160,SignIn,200,OK,Thread Group 1-56,text,true,,274,712,100,100,https://bstackdemo.com/api/signin,160,0,0
1731938461226,159,SignIn,200,OK,Thread Group 1-53,text,true,,274,712,100,100,https://bstackdemo.com/api/signin,159,0,0
1731938461215,173,SignIn,200,OK,Thread Group 1-47,text,true,,274,712,100,100,https://bstackdemo.com/api/signin,173,0,0
1731938461218,173,Orders,404,Not Found,Thread Group 1-77,text,false,,1620,579,100,100,https://bstackdemo.com/api/rders?userName=demouser,173,0,0
1731938461207,187,Orders,404,Not Found,Thread Group 1-15,text,false,,1620,579,100,100,https://bstackdemo.com/api/rders?userName=demouser,186,0,0
1731938461238,158,SignIn,200,OK,Thread Group 1-19,text,true,,274,712,100,100,https://bstackdemo.com/api/signin,158,0,0
1731938461192,207,Orders,404,Not Found,Thread Group 1-39,text,false,,1620,579,100,100,https://bstackdemo.com/api/rders?userName=demouser,207,0,0
1731938461228,175,SignIn,200,OK,Thread Group 1-22,text,true,,274,712,100,100,https://bstackdemo.com/api/signin,175,0,0
1731938461242,172,SignIn,200,OK,Thread Group 1-49,text,true,,274,712,100,100,https://bstackdemo.com/api/signin,172,0,0
1731938461253,161,SignIn,200,OK,Thread Group 1-78,text,true,,274,712,100,100,https://bstackdemo.com/api/signin,161,0,0
1731938461249,166,SignIn,200,OK,Thread Group 1-82,text,true,,274,712,100,100,https://bstackdemo.com/api/signin,166,0,0
1731938461198,217,Orders,404,Not Found,Thread Group 1-75,text,false,,1620,579,100,100,https://bstackdemo.com/api/rders?userName=demouser,217,0,0
1731938461258,160,SignIn,200,OK,Thread Group 1-91,text,true,,274,712,100,100,https://bstackdemo.com/api/signin,160,0,0
1731938461194,226,Orders,404,Not Found,Thread Group 1-26,text,false,,1620,579,100,100,https://bstackdemo.com/api/rders?userName=demouser,226,0,0
1731938461203,219,Orders,404,Not Found,Thread Group 1-60,text,false,,1620,579,100,100,https://bstackdemo.com/api/rders?userName=demouser,219,0,0
1731938461210,218,Orders,404,Not Found,Thread Group 1-1,text,false,,1620,579,100,100,https://bstackdemo.com/api/rders?userName=demouser,217,0,0
1731938461221,207,Orders,404,Not Found,Thread Group 1-67,text,false,,1620,579,100,100,https://bstackdemo.com/api/rders?userName=demouser,207,0,0
1731938461201,234,Orders,404,Not Found,Thread Group 1-55,text,false,,1620,579,100,100,https://bstackdemo.com/api/rders?userName=demouser,234,0,0
1731938461220,215,Orders,404,Not Found,Thread Group 1-17,text,false,,1620,579,100,100,https://bstackdemo.com/api/rders?userName=demouser,215,0,0
1731938461187,252,Orders,404,Not Found,Thread Group 1-73,text,false,,1620,579,100,100,https://bstackdemo.com/api/rders?userName=demouser,251,0,0
1731938461201,239,Orders,404,Not Found,Thread Group 1-11,text,false,,1620,579,100,100,https://bstackdemo.com/api/rders?userName=demouser,238,0,0
1731938461211,229,Orders,404,Not Found,Thread Group 1-23,text,false,,1620,579,100,100,https://bstackdemo.com/api/rders?userName=demouser,229,0,0
1731938461211,230,Orders,404,Not Found,Thread Group 1-76,text,false,,1620,579,100,100,https://bstackdemo.com/api/rders?userName=demouser,230,0,0
1731938461209,233,Orders,404,Not Found,Thread Group 1-8,text,false,,1620,579,100,100,https://bstackdemo.com/api/rders?userName=demouser,233,0,0
1731938461274,171,Orders,404,Not Found,Thread Group 1-89,text,false,,1620,579,100,100,https://bstackdemo.com/api/rders?userName=demouser,171,0,0
1731938461298,168,Orders,404,Not Found,Thread Group 1-3,text,false,,1620,579,100,100,https://bstackdemo.com/api/rders?userName=demouser,168,0,0
1731938461299,168,SignIn,200,OK,Thread Group 1-84,text,true,,274,712,100,100,https://bstackdemo.com/api/signin,168,0,0
1731938461252,218,Orders,404,Not Found,Thread Group 1-87,text,false,,1620,579,100,100,https://bstackdemo.com/api/rders?userName=demouser,218,0,0
1731938461293,179,Orders,404,Not Found,Thread Group 1-62,text,false,,1620,579,100,100,https://bstackdemo.com/api/rders?userName=demouser,179,0,0
1731938461255,219,Orders,404,Not Found,Thread Group 1-38,text,false,,1620,579,100,100,https://bstackdemo.com/api/rders?userName=demouser,218,0,0
1731938461309,167,SignIn,200,OK,Thread Group 1-94,text,true,,274,712,100,100,https://bstackdemo.com/api/signin,167,0,0
1731938461310,167,SignIn,200,OK,Thread Group 1-95,text,true,,274,712,100,100,https://bstackdemo.com/api/signin,167,0,0
1731938461293,186,Orders,404,Not Found,Thread Group 1-81,text,false,,1615,579,100,100,https://bstackdemo.com/api/rders?userName=demouser,186,0,0
1731938461310,169,SignIn,200,OK,Thread Group 1-92,text,true,,274,712,100,100,https://bstackdemo.com/api/signin,169,0,0
1731938461294,185,Orders,404,Not Found,Thread Group 1-79,text,false,,1620,579,100,100,https://bstackdemo.com/api/rders?userName=demouser,185,0,0
1731938461259,221,Orders,404,Not Found,Thread Group 1-34,text,false,,1620,579,100,100,https://bstackdemo.com/api/rders?userName=demouser,221,0,0
1731938461276,205,Orders,404,Not Found,Thread Group 1-57,text,false,,1620,579,100,100,https://bstackdemo.com/api/rders?userName=demouser,205,0,0
1731938461278,209,Orders,404,Not Found,Thread Group 1-72,text,false,,1620,579,100,100,https://bstackdemo.com/api/rders?userName=demouser,208,0,0
1731938461284,204,Orders,404,Not Found,Thread Group 1-30,text,false,,1620,579,100,100,https://bstackdemo.com/api/rders?userName=demouser,204,0,0
1731938461280,226,Orders,404,Not Found,Thread Group 1-74,text,false,,1620,579,100,100,https://bstackdemo.com/api/rders?userName=demouser,226,0,0
1731938461297,210,Orders,404,Not Found,Thread Group 1-71,text,false,,1620,579,100,100,https://bstackdemo.com/api/rders?userName=demouser,209,0,0
1731938461282,228,Orders,404,Not Found,Thread Group 1-65,text,false,,1620,579,100,100,https://bstackdemo.com/api/rders?userName=demouser,227,0,0
1731938461285,227,Orders,404,Not Found,Thread Group 1-68,text,false,,1620,579,100,100,https://bstackdemo.com/api/rders?userName=demouser,227,0,0
1731938461291,223,Orders,404,Not Found,Thread Group 1-61,text,false,,1620,579,100,100,https://bstackdemo.com/api/rders?userName=demouser,223,0,0
1731938461287,229,Orders,404,Not Found,Thread Group 1-86,text,false,,1620,579,100,100,https://bstackdemo.com/api/rders?userName=demouser,228,0,0
1731938461345,172,SignIn,200,OK,Thread Group 1-99,text,true,,274,712,100,100,https://bstackdemo.com/api/signin,172,0,0
1731938461289,228,Orders,404,Not Found,Thread Group 1-59,text,false,,1620,579,100,100,https://bstackdemo.com/api/rders?userName=demouser,228,0,0
1731938461309,208,Orders,404,Not Found,Thread Group 1-21,text,false,,1620,579,100,100,https://bstackdemo.com/api/rders?userName=demouser,208,0,0
1731938461295,223,Orders,404,Not Found,Thread Group 1-88,text,false,,1620,579,100,100,https://bstackdemo.com/api/rders?userName=demouser,222,0,0
1731938461298,221,Orders,404,Not Found,Thread Group 1-9,text,false,,1620,579,100,100,https://bstackdemo.com/api/rders?userName=demouser,220,0,0
1731938461293,227,Orders,404,Not Found,Thread Group 1-36,text,false,,1620,579,100,100,https://bstackdemo.com/api/rders?userName=demouser,226,0,0
1731938461341,180,SignIn,200,OK,Thread Group 1-90,text,true,,274,712,100,100,https://bstackdemo.com/api/signin,180,0,0
1731938461346,175,SignIn,200,OK,Thread Group 1-98,text,true,,274,712,100,100,https://bstackdemo.com/api/signin,175,0,0
1731938461348,175,ConfirmOrder,200,OK,Thread Group 1-58,text,true,,274,688,100,100,https://bstackdemo.com/api/checkout,175,0,0
1731938461301,223,Orders,404,Not Found,Thread Group 1-31,text,false,,1620,579,100,100,https://bstackdemo.com/api/rders?userName=demouser,223,0,0
1731938461302,222,Orders,404,Not Found,Thread Group 1-24,text,false,,1620,579,100,100,https://bstackdemo.com/api/rders?userName=demouser,222,0,0
1731938461304,220,Orders,404,Not Found,Thread Group 1-13,text,false,,1620,579,100,100,https://bstackdemo.com/api/rders?userName=demouser,220,0,0
1731938461358,167,SignIn,200,OK,Thread Group 1-96,text,true,,274,712,100,100,https://bstackdemo.com/api/signin,167,0,0
1731938461356,169,ConfirmOrder,200,OK,Thread Group 1-33,text,true,,274,688,100,100,https://bstackdemo.com/api/checkout,169,0,0
1731938461297,228,Orders,404,Not Found,Thread Group 1-37,text,false,,1620,579,100,100,https://bstackdemo.com/api/rders?userName=demouser,228,0,0
1731938461362,181,ConfirmOrder,200,OK,Thread Group 1-63,text,true,,274,688,100,100,https://bstackdemo.com/api/checkout,180,0,0
1731938461367,176,ConfirmOrder,200,OK,Thread Group 1-28,text,true,,274,688,100,100,https://bstackdemo.com/api/checkout,176,0,0
1731938461332,214,Orders,404,Not Found,Thread Group 1-27,text,false,,1620,579,100,100,https://bstackdemo.com/api/rders?userName=demouser,211,0,0
1731938461335,211,Orders,404,Not Found,Thread Group 1-48,text,false,,1620,579,100,100,https://bstackdemo.com/api/rders?userName=demouser,211,0,0
1731938461335,212,Orders,404,Not Found,Thread Group 1-52,text,false,,1620,579,100,100,https://bstackdemo.com/api/rders?userName=demouser,212,0,0
1731938461334,214,Orders,404,Not Found,Thread Group 1-54,text,false,,1620,579,100,100,https://bstackdemo.com/api/rders?userName=demouser,213,0,0
1731938461364,184,ConfirmOrder,200,OK,Thread Group 1-12,text,true,,274,688,100,100,https://bstackdemo.com/api/checkout,184,0,0
1731938461366,182,SignIn,200,OK,Thread Group 1-100,text,true,,274,712,100,100,https://bstackdemo.com/api/signin,182,0,0
1731938461350,199,ConfirmOrder,200,OK,Thread Group 1-42,text,true,,274,688,100,100,https://bstackdemo.com/api/checkout,199,0,0
1731938461336,214,Orders,404,Not Found,Thread Group 1-5,text,false,,1620,579,100,100,https://bstackdemo.com/api/rders?userName=demouser,214,0,0
1731938461321,231,Orders,404,Not Found,Thread Group 1-7,text,false,,1620,579,100,100,https://bstackdemo.com/api/rders?userName=demouser,230,0,0
1731938461316,235,Orders,404,Not Found,Thread Group 1-18,text,false,,1620,579,100,100,https://bstackdemo.com/api/rders?userName=demouser,235,0,0
1731938461367,189,ConfirmOrder,200,OK,Thread Group 1-64,text,true,,274,688,100,100,https://bstackdemo.com/api/checkout,189,0,0
1731938461344,215,Orders,404,Not Found,Thread Group 1-50,text,false,,1620,579,100,100,https://bstackdemo.com/api/rders?userName=demouser,215,0,0
1731938461354,206,Orders,404,Not Found,Thread Group 1-32,text,false,,1620,579,100,100,https://bstackdemo.com/api/rders?userName=demouser,206,0,0
1731938461385,175,Orders,404,Not Found,Thread Group 1-56,text,false,,1620,579,100,100,https://bstackdemo.com/api/rders?userName=demouser,175,0,0
1731938461374,194,ConfirmOrder,200,OK,Thread Group 1-70,text,true,,274,688,100,100,https://bstackdemo.com/api/checkout,194,0,0
1731938461380,188,ConfirmOrder,200,OK,Thread Group 1-14,text,true,,274,688,100,100,https://bstackdemo.com/api/checkout,188,0,0
1731938461346,225,Orders,404,Not Found,Thread Group 1-20,text,false,,1620,579,100,100,https://bstackdemo.com/api/rders?userName=demouser,224,0,0
1731938461339,233,Orders,404,Not Found,Thread Group 1-6,text,false,,1620,579,100,100,https://bstackdemo.com/api/rders?userName=demouser,233,0,0
1731938461372,201,SignIn,200,OK,Thread Group 1-85,text,true,,274,712,100,100,https://bstackdemo.com/api/signin,201,0,0
1731938461379,196,Orders,404,Not Found,Thread Group 1-40,text,false,,1620,579,100,100,https://bstackdemo.com/api/rders?userName=demouser,195,0,0
1731938461382,193,ConfirmOrder,200,OK,Thread Group 1-41,text,true,,274,688,100,100,https://bstackdemo.com/api/checkout,193,0,0
1731938461344,233,Orders,404,Not Found,Thread Group 1-10,text,false,,1620,579,100,100,https://bstackdemo.com/api/rders?userName=demouser,232,0,0
1731938461375,202,SignIn,200,OK,Thread Group 1-93,text,true,,274,712,100,100,https://bstackdemo.com/api/signin,202,0,0
1731938461383,195,Orders,404,Not Found,Thread Group 1-4,text,false,,1620,579,100,100,https://bstackdemo.com/api/rders?userName=demouser,195,0,0
1731938461367,212,ConfirmOrder,200,OK,Thread Group 1-66,text,true,,274,688,100,100,https://bstackdemo.com/api/checkout,212,0,0
1731938461368,212,SignIn,200,OK,Thread Group 1-80,text,true,,274,712,100,100,https://bstackdemo.com/api/signin,212,0,0
1731938461367,214,SignIn,200,OK,Thread Group 1-69,text,true,,274,712,100,100,https://bstackdemo.com/api/signin,214,0,0
1731938461392,189,ConfirmOrder,200,OK,Thread Group 1-77,text,true,,274,688,100,100,https://bstackdemo.com/api/checkout,189,0,0
1731938461370,212,SignIn,200,OK,Thread Group 1-83,text,true,,274,712,100,100,https://bstackdemo.com/api/signin,212,0,0
1731938461400,183,ConfirmOrder,200,OK,Thread Group 1-39,text,true,,274,688,100,100,https://bstackdemo.com/api/checkout,183,0,0
1731938461344,240,Orders,404,Not Found,Thread Group 1-25,text,false,,1620,579,100,100,https://bstackdemo.com/api/rders?userName=demouser,240,0,0
1731938461394,192,ConfirmOrder,200,OK,Thread Group 1-15,text,true,,274,688,100,100,https://bstackdemo.com/api/checkout,192,0,0
1731938461337,250,Orders,404,Not Found,Thread Group 1-51,text,false,,1620,579,100,100,https://bstackdemo.com/api/rders?userName=demouser,249,0,0
1731938461386,202,Orders,404,Not Found,Thread Group 1-53,text,false,,1620,579,100,100,https://bstackdemo.com/api/rders?userName=demouser,202,0,0
1731938461382,208,Orders,404,Not Found,Thread Group 1-44,text,false,,1620,579,100,100,https://bstackdemo.com/api/rders?userName=demouser,208,0,0
1731938461416,175,ConfirmOrder,200,OK,Thread Group 1-75,text,true,,274,688,100,100,https://bstackdemo.com/api/checkout,175,0,0
1731938461352,239,Orders,404,Not Found,Thread Group 1-2,text,false,,1620,579,100,100,https://bstackdemo.com/api/rders?userName=demouser,239,0,0
1731938461421,172,ConfirmOrder,200,OK,Thread Group 1-26,text,true,,274,688,100,100,https://bstackdemo.com/api/checkout,172,0,0
1731938461365,228,Orders,404,Not Found,Thread Group 1-45,text,false,,1620,579,100,100,https://bstackdemo.com/api/rders?userName=demouser,228,0,0
1731938461422,171,ConfirmOrder,200,OK,Thread Group 1-60,text,true,,274,688,100,100,https://bstackdemo.com/api/checkout,171,0,0
1731938461436,158,ConfirmOrder,200,OK,Thread Group 1-55,text,true,,274,688,100,100,https://bstackdemo.com/api/checkout,158,0,0
1731938461429,165,ConfirmOrder,200,OK,Thread Group 1-67,text,true,,274,688,100,100,https://bstackdemo.com/api/checkout,165,0,0
1731938461428,184,ConfirmOrder,200,OK,Thread Group 1-1,text,true,,274,688,100,100,https://bstackdemo.com/api/checkout,184,0,0
1731938461440,172,ConfirmOrder,200,OK,Thread Group 1-11,text,true,,274,688,100,100,https://bstackdemo.com/api/checkout,172,0,0
1731938461377,235,Orders,404,Not Found,Thread Group 1-35,text,false,,1620,579,100,100,https://bstackdemo.com/api/rders?userName=demouser,234,0,0
1731938461365,247,Orders,404,Not Found,Thread Group 1-46,text,false,,1620,579,100,100,https://bstackdemo.com/api/rders?userName=demouser,246,0,0
1731938461439,174,ConfirmOrder,200,OK,Thread Group 1-73,text,true,,274,688,100,100,https://bstackdemo.com/api/checkout,174,0,0
1731938461441,172,ConfirmOrder,200,OK,Thread Group 1-23,text,true,,274,688,100,100,https://bstackdemo.com/api/checkout,172,0,0
1731938461443,170,ConfirmOrder,200,OK,Thread Group 1-8,text,true,,274,688,100,100,https://bstackdemo.com/api/checkout,170,0,0
1731938461442,171,ConfirmOrder,200,OK,Thread Group 1-76,text,true,,274,688,100,100,https://bstackdemo.com/api/checkout,171,0,0
1731938461445,169,ConfirmOrder,200,OK,Thread Group 1-89,text,true,,274,688,100,100,https://bstackdemo.com/api/checkout,169,0,0
1731938461388,227,Orders,404,Not Found,Thread Group 1-47,text,false,,1620,579,100,100,https://bstackdemo.com/api/rders?userName=demouser,227,0,0
1731938461437,184,ConfirmOrder,200,OK,Thread Group 1-17,text,true,,274,688,100,100,https://bstackdemo.com/api/checkout,184,0,0
1731938461399,223,Orders,404,Not Found,Thread Group 1-19,text,false,,1620,579,100,100,https://bstackdemo.com/api/rders?userName=demouser,223,0,0
1731938461378,246,Orders,404,Not Found,Thread Group 1-16,text,false,,1620,579,100,100,https://bstackdemo.com/api/rders?userName=demouser,246,0,0
1731938461360,265,Orders,404,Not Found,Thread Group 1-43,text,false,,1620,579,100,100,https://bstackdemo.com/api/rders?userName=demouser,265,0,0
1731938461365,262,Orders,404,Not Found,Thread Group 1-29,text,false,,1620,579,100,100,https://bstackdemo.com/api/rders?userName=demouser,262,0,0
1731938461415,214,Orders,404,Not Found,Thread Group 1-78,text,false,,1620,579,100,100,https://bstackdemo.com/api/rders?userName=demouser,214,0,0
1731938461415,216,Orders,404,Not Found,Thread Group 1-49,text,false,,1620,579,100,100,https://bstackdemo.com/api/rders?userName=demouser,216,0,0
1731938461416,216,Orders,404,Not Found,Thread Group 1-82,text,false,,1620,579,100,100,https://bstackdemo.com/api/rders?userName=demouser,215,0,0
1731938461471,162,ConfirmOrder,200,OK,Thread Group 1-87,text,true,,274,688,100,100,https://bstackdemo.com/api/checkout,162,0,0
1731938461468,165,ConfirmOrder,200,OK,Thread Group 1-3,text,true,,274,688,100,100,https://bstackdemo.com/api/checkout,165,0,0
1731938461419,216,Orders,404,Not Found,Thread Group 1-91,text,false,,1620,579,100,100,https://bstackdemo.com/api/rders?userName=demouser,216,0,0
1731938461404,231,Orders,404,Not Found,Thread Group 1-22,text,false,,1620,579,100,100,https://bstackdemo.com/api/rders?userName=demouser,231,0,0
1731938461481,156,ConfirmOrder,200,OK,Thread Group 1-57,text,true,,274,688,100,100,https://bstackdemo.com/api/checkout,156,0,0
1731938461480,157,ConfirmOrder,200,OK,Thread Group 1-79,text,true,,274,688,100,100,https://bstackdemo.com/api/checkout,157,0,0
1731938461474,165,ConfirmOrder,200,OK,Thread Group 1-38,text,true,,274,688,100,100,https://bstackdemo.com/api/checkout,165,0,0
1731938461480,160,ConfirmOrder,200,OK,Thread Group 1-34,text,true,,274,688,100,100,https://bstackdemo.com/api/checkout,160,0,0
1731938461487,154,ConfirmOrder,200,OK,Thread Group 1-72,text,true,,274,688,100,100,https://bstackdemo.com/api/checkout,154,0,0
1731938461473,169,ConfirmOrder,200,OK,Thread Group 1-62,text,true,,274,688,100,100,https://bstackdemo.com/api/checkout,169,0,0
1731938461489,157,ConfirmOrder,200,OK,Thread Group 1-30,text,true,,274,688,100,100,https://bstackdemo.com/api/checkout,157,0,0
1731938461480,166,ConfirmOrder,200,OK,Thread Group 1-81,text,true,,274,688,100,100,https://bstackdemo.com/api/checkout,166,0,0
1731938461507,158,ConfirmOrder,200,OK,Thread Group 1-71,text,true,,274,688,100,100,https://bstackdemo.com/api/checkout,158,0,0
1731938461514,157,ConfirmOrder,200,OK,Thread Group 1-61,text,true,,274,688,100,100,https://bstackdemo.com/api/checkout,157,0,0
1731938461508,165,ConfirmOrder,200,OK,Thread Group 1-74,text,true,,274,688,100,100,https://bstackdemo.com/api/checkout,165,0,0
1731938461518,156,ConfirmOrder,200,OK,Thread Group 1-21,text,true,,274,688,100,100,https://bstackdemo.com/api/checkout,156,0,0
1731938461468,207,Orders,404,Not Found,Thread Group 1-84,text,false,,1620,579,100,100,https://bstackdemo.com/api/rders?userName=demouser,207,0,0
1731938461510,167,ConfirmOrder,200,OK,Thread Group 1-65,text,true,,274,688,100,100,https://bstackdemo.com/api/checkout,167,0,0
1731938461518,160,ConfirmOrder,200,OK,Thread Group 1-59,text,true,,274,688,100,100,https://bstackdemo.com/api/checkout,160,0,0
1731938461478,202,Orders,404,Not Found,Thread Group 1-95,text,false,,1620,579,100,100,https://bstackdemo.com/api/rders?userName=demouser,201,0,0
1731938461513,167,ConfirmOrder,200,OK,Thread Group 1-68,text,true,,274,688,100,100,https://bstackdemo.com/api/checkout,167,0,0
1731938461476,207,Orders,404,Not Found,Thread Group 1-94,text,false,,1620,579,100,100,https://bstackdemo.com/api/rders?userName=demouser,207,0,0
1731938461519,166,ConfirmOrder,200,OK,Thread Group 1-9,text,true,,274,688,100,100,https://bstackdemo.com/api/checkout,166,0,0
1731938461516,169,ConfirmOrder,200,OK,Thread Group 1-86,text,true,,274,688,100,100,https://bstackdemo.com/api/checkout,169,0,0
1731938461518,169,ConfirmOrder,200,OK,Thread Group 1-88,text,true,,274,688,100,100,https://bstackdemo.com/api/checkout,169,0,0
1731938461480,208,Orders,404,Not Found,Thread Group 1-92,text,false,,1620,579,100,100,https://bstackdemo.com/api/rders?userName=demouser,207,0,0
1731938461521,167,ConfirmOrder,200,OK,Thread Group 1-36,text,true,,274,688,100,100,https://bstackdemo.com/api/checkout,167,0,0
1731938461528,162,ConfirmOrder,200,OK,Thread Group 1-37,text,true,,274,688,100,100,https://bstackdemo.com/api/checkout,162,0,0
1731938461524,168,ConfirmOrder,200,OK,Thread Group 1-24,text,true,,274,688,100,100,https://bstackdemo.com/api/checkout,168,0,0
1731938461525,168,ConfirmOrder,200,OK,Thread Group 1-31,text,true,,274,688,100,100,https://bstackdemo.com/api/checkout,168,0,0
1731938461525,173,ConfirmOrder,200,OK,Thread Group 1-13,text,true,,274,688,100,100,https://bstackdemo.com/api/checkout,173,0,0
1731938461546,154,ConfirmOrder,200,OK,Thread Group 1-27,text,true,,274,688,100,100,https://bstackdemo.com/api/checkout,154,0,0
1731938461548,153,ConfirmOrder,200,OK,Thread Group 1-48,text,true,,274,688,100,100,https://bstackdemo.com/api/checkout,152,0,0
1731938461548,154,ConfirmOrder,200,OK,Thread Group 1-52,text,true,,274,688,100,100,https://bstackdemo.com/api/checkout,154,0,0
1731938461548,162,ConfirmOrder,200,OK,Thread Group 1-54,text,true,,274,688,100,100,https://bstackdemo.com/api/checkout,162,0,0
1731938461554,157,ConfirmOrder,200,OK,Thread Group 1-5,text,true,,274,688,100,100,https://bstackdemo.com/api/checkout,157,0,0
1731938461549,164,Orders,404,Not Found,Thread Group 1-100,text,false,,1620,579,100,100,https://bstackdemo.com/api/rders?userName=demouser,163,0,0
1731938461518,196,Orders,404,Not Found,Thread Group 1-99,text,false,,1620,579,100,100,https://bstackdemo.com/api/rders?userName=demouser,196,0,0
1731938461561,155,ConfirmOrder,200,OK,Thread Group 1-56,text,true,,274,688,100,100,https://bstackdemo.com/api/checkout,155,0,0
1731938461560,157,ConfirmOrder,200,OK,Thread Group 1-50,text,true,,274,688,100,100,https://bstackdemo.com/api/checkout,157,0,0
1731938461560,158,ConfirmOrder,200,OK,Thread Group 1-32,text,true,,274,688,100,100,https://bstackdemo.com/api/checkout,158,0,0
1731938461555,163,ConfirmOrder,200,OK,Thread Group 1-7,text,true,,274,688,100,100,https://bstackdemo.com/api/checkout,163,0,0
1731938461552,170,ConfirmOrder,200,OK,Thread Group 1-18,text,true,,274,688,100,100,https://bstackdemo.com/api/checkout,170,0,0
1731938461524,200,SearchByKeyword,200,OK,Thread Group 1-58,text,true,,1005,576,100,100,https://bstackdemo.com/api/products?userName=demouser,200,0,0
1731938461550,174,SearchByKeyword,200,OK,Thread Group 1-42,text,true,,1005,576,100,100,https://bstackdemo.com/api/products?userName=demouser,173,0,0
1731938461526,203,Orders,404,Not Found,Thread Group 1-96,text,false,,1620,579,99,99,https://bstackdemo.com/api/rders?userName=demouser,202,0,0
1731938461522,208,Orders,404,Not Found,Thread Group 1-90,text,false,,1620,579,98,98,https://bstackdemo.com/api/rders?userName=demouser,207,0,0
1731938461526,204,SearchByKeyword,200,OK,Thread Group 1-33,text,true,,1005,576,98,98,https://bstackdemo.com/api/products?userName=demouser,203,0,0
1731938461522,208,Orders,404,Not Found,Thread Group 1-98,text,false,,1620,579,98,98,https://bstackdemo.com/api/rders?userName=demouser,208,0,0
1731938461571,159,ConfirmOrder,200,OK,Thread Group 1-20,text,true,,274,688,98,98,https://bstackdemo.com/api/checkout,159,0,0
1731938461573,161,ConfirmOrder,200,OK,Thread Group 1-6,text,true,,274,688,97,97,https://bstackdemo.com/api/checkout,161,0,0
1731938461577,157,ConfirmOrder,200,OK,Thread Group 1-10,text,true,,274,688,97,97,https://bstackdemo.com/api/checkout,157,0,0
1731938461575,161,ConfirmOrder,200,OK,Thread Group 1-40,text,true,,274,688,97,97,https://bstackdemo.com/api/checkout,161,0,0
1731938461544,194,SearchByKeyword,200,OK,Thread Group 1-28,text,true,,1005,576,97,97,https://bstackdemo.com/api/products?userName=demouser,194,0,0
1731938461579,160,ConfirmOrder,200,OK,Thread Group 1-4,text,true,,274,688,96,96,https://bstackdemo.com/api/checkout,160,0,0
1731938461589,153,ConfirmOrder,200,OK,Thread Group 1-53,text,true,,274,688,96,96,https://bstackdemo.com/api/checkout,153,0,0
1731938461592,151,SearchByKeyword,200,OK,Thread Group 1-75,text,true,,1005,576,96,96,https://bstackdemo.com/api/products?userName=demouser,151,0,0
1731938461548,199,SearchByKeyword,200,OK,Thread Group 1-12,text,true,,1005,576,95,95,https://bstackdemo.com/api/products?userName=demouser,199,0,0
1731938461585,164,ConfirmOrder,200,OK,Thread Group 1-25,text,true,,274,688,95,95,https://bstackdemo.com/api/checkout,164,0,0
1731938461588,163,ConfirmOrder,200,OK,Thread Group 1-51,text,true,,274,688,94,94,https://bstackdemo.com/api/checkout,163,0,0
1731938461580,172,SearchByKeyword,200,OK,Thread Group 1-66,text,true,,1005,576,94,94,https://bstackdemo.com/api/products?userName=demouser,171,0,0
1731938461590,162,ConfirmOrder,200,OK,Thread Group 1-44,text,true,,274,688,94,94,https://bstackdemo.com/api/checkout,162,0,0
1731938461545,208,SearchByKeyword,200,OK,Thread Group 1-63,text,true,,1005,576,93,93,https://bstackdemo.com/api/products?userName=demouser,208,0,0
1731938461593,167,ConfirmOrder,200,OK,Thread Group 1-45,text,true,,274,688,92,92,https://bstackdemo.com/api/checkout,167,0,0
1731938461557,204,SearchByKeyword,200,OK,Thread Group 1-64,text,true,,1005,576,92,92,https://bstackdemo.com/api/products?userName=demouser,203,0,0
1731938461592,171,ConfirmOrder,200,OK,Thread Group 1-2,text,true,,274,688,91,91,https://bstackdemo.com/api/checkout,171,0,0
1731938461612,152,ConfirmOrder,200,OK,Thread Group 1-35,text,true,,274,688,91,91,https://bstackdemo.com/api/checkout,152,0,0
1731938461569,199,SearchByKeyword,200,OK,Thread Group 1-70,text,true,,1005,576,91,91,https://bstackdemo.com/api/products?userName=demouser,199,0,0
1731938461570,198,SearchByKeyword,200,OK,Thread Group 1-14,text,true,,1005,576,90,90,https://bstackdemo.com/api/products?userName=demouser,198,0,0
1731938461612,162,ConfirmOrder,200,OK,Thread Group 1-46,text,true,,274,688,89,89,https://bstackdemo.com/api/checkout,162,0,0
1731938461612,164,SearchByKeyword,200,OK,Thread Group 1-1,text,true,,1005,576,89,89,https://bstackdemo.com/api/products?userName=demouser,164,0,0
1731938461613,166,SearchByKeyword,200,OK,Thread Group 1-73,text,true,,1005,576,88,88,https://bstackdemo.com/api/products?userName=demouser,166,0,0
1731938461623,158,ConfirmOrder,200,OK,Thread Group 1-19,text,true,,274,688,88,88,https://bstackdemo.com/api/checkout,158,0,0
1731938461575,207,SearchByKeyword,200,OK,Thread Group 1-41,text,true,,1005,576,87,87,https://bstackdemo.com/api/products?userName=demouser,206,0,0
1731938461616,167,ConfirmOrder,200,OK,Thread Group 1-47,text,true,,274,688,86,86,https://bstackdemo.com/api/checkout,167,0,0
1731938461614,170,SearchByKeyword,200,OK,Thread Group 1-89,text,true,,1005,576,86,86,https://bstackdemo.com/api/products?userName=demouser,169,0,0
1731938461578,207,Orders,404,Not Found,Thread Group 1-93,text,false,,1620,579,86,86,https://bstackdemo.com/api/rders?userName=demouser,207,0,0
1731938461584,203,SearchByKeyword,200,OK,Thread Group 1-39,text,true,,1005,576,85,85,https://bstackdemo.com/api/products?userName=demouser,203,0,0
1731938461629,158,ConfirmOrder,200,OK,Thread Group 1-78,text,true,,274,688,84,84,https://bstackdemo.com/api/checkout,158,0,0
1731938461574,216,Orders,404,Not Found,Thread Group 1-85,text,false,,1620,579,84,84,https://bstackdemo.com/api/rders?userName=demouser,216,0,0
1731938461624,166,ConfirmOrder,200,OK,Thread Group 1-16,text,true,,274,688,84,84,https://bstackdemo.com/api/checkout,166,0,0
1731938461581,210,SearchByKeyword,200,OK,Thread Group 1-77,text,true,,1005,576,84,84,https://bstackdemo.com/api/products?userName=demouser,210,0,0
1731938461581,210,Orders,404,Not Found,Thread Group 1-69,text,false,,1620,579,84,84,https://bstackdemo.com/api/rders?userName=demouser,210,0,0
1731938461632,159,ConfirmOrder,200,OK,Thread Group 1-49,text,true,,274,688,84,84,https://bstackdemo.com/api/checkout,159,0,0
1731938461636,155,ConfirmOrder,200,OK,Thread Group 1-91,text,true,,274,688,84,84,https://bstackdemo.com/api/checkout,155,0,0
1731938461580,212,Orders,404,Not Found,Thread Group 1-80,text,false,,1620,579,84,84,https://bstackdemo.com/api/rders?userName=demouser,210,0,0
1731938461634,158,ConfirmOrder,200,OK,Thread Group 1-82,text,true,,274,688,84,84,https://bstackdemo.com/api/checkout,158,0,0
1731938461583,211,Orders,404,Not Found,Thread Group 1-83,text,false,,1620,579,83,83,https://bstackdemo.com/api/rders?userName=demouser,211,0,0
1731938461626,169,ConfirmOrder,200,OK,Thread Group 1-43,text,true,,274,688,83,83,https://bstackdemo.com/api/checkout,169,0,0
1731938461586,211,SearchByKeyword,200,OK,Thread Group 1-15,text,true,,1005,576,83,83,https://bstackdemo.com/api/products?userName=demouser,211,0,0
1731938461627,171,ConfirmOrder,200,OK,Thread Group 1-29,text,true,,274,688,82,82,https://bstackdemo.com/api/checkout,171,0,0
1731938461593,209,SearchByKeyword,200,OK,Thread Group 1-60,text,true,,1005,576,82,82,https://bstackdemo.com/api/products?userName=demouser,209,0,0
1731938461636,175,ConfirmOrder,200,OK,Thread Group 1-22,text,true,,274,688,81,81,https://bstackdemo.com/api/checkout,175,0,0
1731938461611,201,SearchByKeyword,200,OK,Thread Group 1-55,text,true,,1005,576,81,81,https://bstackdemo.com/api/products?userName=demouser,200,0,0
1731938461593,219,SearchByKeyword,200,OK,Thread Group 1-26,text,true,,1005,576,81,81,https://bstackdemo.com/api/products?userName=demouser,219,0,0
1731938461612,201,SearchByKeyword,200,OK,Thread Group 1-11,text,true,,1005,576,81,81,https://bstackdemo.com/api/products?userName=demouser,201,0,0
1731938461613,207,SearchByKeyword,200,OK,Thread Group 1-76,text,true,,1005,576,78,78,https://bstackdemo.com/api/products?userName=demouser,206,0,0
1731938461613,207,SearchByKeyword,200,OK,Thread Group 1-8,text,true,,1005,576,78,78,https://bstackdemo.com/api/products?userName=demouser,207,0,0
1731938461617,204,SearchByKeyword,200,OK,Thread Group 1-67,text,true,,1005,576,78,78,https://bstackdemo.com/api/products?userName=demouser,204,0,0
1731938461613,211,SearchByKeyword,200,OK,Thread Group 1-23,text,true,,1005,576,75,75,https://bstackdemo.com/api/products?userName=demouser,211,0,0
1731938461676,154,ConfirmOrder,200,OK,Thread Group 1-84,text,true,,274,688,74,74,https://bstackdemo.com/api/checkout,154,0,0
1731938461634,197,SearchByKeyword,200,OK,Thread Group 1-3,text,true,,1005,576,74,74,https://bstackdemo.com/api/products?userName=demouser,197,0,0
1731938461633,199,SearchByKeyword,200,OK,Thread Group 1-87,text,true,,1005,576,74,74,https://bstackdemo.com/api/products?userName=demouser,199,0,0
1731938461680,157,ConfirmOrder,200,OK,Thread Group 1-95,text,true,,274,688,72,72,https://bstackdemo.com/api/checkout,157,0,0
1731938461622,218,SearchByKeyword,200,OK,Thread Group 1-17,text,true,,1005,576,72,72,https://bstackdemo.com/api/products?userName=demouser,218,0,0
1731938461637,204,SearchByKeyword,200,OK,Thread Group 1-57,text,true,,1005,576,72,72,https://bstackdemo.com/api/products?userName=demouser,204,0,0
1731938461638,207,SearchByKeyword,200,OK,Thread Group 1-79,text,true,,1005,576,70,70,https://bstackdemo.com/api/products?userName=demouser,206,0,0
1731938461684,163,ConfirmOrder,200,OK,Thread Group 1-94,text,true,,274,688,69,69,https://bstackdemo.com/api/checkout,163,0,0
1731938461641,207,SearchByKeyword,200,OK,Thread Group 1-72,text,true,,1005,576,69,69,https://bstackdemo.com/api/products?userName=demouser,207,0,0
1731938461640,210,SearchByKeyword,200,OK,Thread Group 1-38,text,true,,1005,576,68,68,https://bstackdemo.com/api/products?userName=demouser,210,0,0
1731938461641,211,SearchByKeyword,200,OK,Thread Group 1-34,text,true,,1005,576,67,67,https://bstackdemo.com/api/products?userName=demouser,210,0,0
1731938461688,166,ConfirmOrder,200,OK,Thread Group 1-92,text,true,,274,688,66,66,https://bstackdemo.com/api/checkout,166,0,0
1731938461642,214,SearchByKeyword,200,OK,Thread Group 1-62,text,true,,1005,576,66,66,https://bstackdemo.com/api/products?userName=demouser,214,0,0
1731938461647,211,SearchByKeyword,200,OK,Thread Group 1-30,text,true,,1005,576,65,65,https://bstackdemo.com/api/products?userName=demouser,211,0,0
1731938461647,216,SearchByKeyword,200,OK,Thread Group 1-81,text,true,,1005,576,64,64,https://bstackdemo.com/api/products?userName=demouser,216,0,0
1731938461702,163,SearchByKeyword,200,OK,Thread Group 1-27,text,true,,1005,576,63,63,https://bstackdemo.com/api/products?userName=demouser,163,0,0
1731938461666,200,SearchByKeyword,200,OK,Thread Group 1-71,text,true,,1005,576,63,63,https://bstackdemo.com/api/products?userName=demouser,200,0,0
1731938461672,203,SearchByKeyword,200,OK,Thread Group 1-61,text,true,,1005,576,61,61,https://bstackdemo.com/api/products?userName=demouser,203,0,0
1731938461712,164,SearchByKeyword,200,OK,Thread Group 1-5,text,true,,1005,576,61,61,https://bstackdemo.com/api/products?userName=demouser,163,0,0
1731938461715,162,ConfirmOrder,200,OK,Thread Group 1-99,text,true,,274,688,59,59,https://bstackdemo.com/api/checkout,162,0,0
1731938461713,164,ConfirmOrder,200,OK,Thread Group 1-100,text,true,,274,688,59,59,https://bstackdemo.com/api/checkout,164,0,0
1731938461675,205,SearchByKeyword,200,OK,Thread Group 1-21,text,true,,1005,576,59,59,https://bstackdemo.com/api/products?userName=demouser,205,0,0
1731938461673,209,SearchByKeyword,200,OK,Thread Group 1-74,text,true,,1005,576,58,58,https://bstackdemo.com/api/products?userName=demouser,209,0,0
1731938461679,208,SearchByKeyword,200,OK,Thread Group 1-59,text,true,,1005,576,57,57,https://bstackdemo.com/api/products?userName=demouser,208,0,0
1731938461678,210,SearchByKeyword,200,OK,Thread Group 1-65,text,true,,1005,576,57,57,https://bstackdemo.com/api/products?userName=demouser,210,0,0
1731938461729,160,ConfirmOrder,200,OK,Thread Group 1-96,text,true,,274,688,56,56,https://bstackdemo.com/api/checkout,160,0,0
1731938461685,205,SearchByKeyword,200,OK,Thread Group 1-9,text,true,,1005,576,55,55,https://bstackdemo.com/api/products?userName=demouser,205,0,0
1731938461681,209,SearchByKeyword,200,OK,Thread Group 1-68,text,true,,1005,576,55,55,https://bstackdemo.com/api/products?userName=demouser,209,0,0
1731938461686,206,SearchByKeyword,200,OK,Thread Group 1-86,text,true,,1005,576,53,53,https://bstackdemo.com/api/products?userName=demouser,206,0,0
1731938461689,206,SearchByKeyword,200,OK,Thread Group 1-88,text,true,,1005,576,52,52,https://bstackdemo.com/api/products?userName=demouser,206,0,0
1731938461730,165,ConfirmOrder,200,OK,Thread Group 1-98,text,true,,274,688,52,52,https://bstackdemo.com/api/checkout,165,0,0
1731938461690,208,SearchByKeyword,200,OK,Thread Group 1-36,text,true,,1005,576,51,51,https://bstackdemo.com/api/products?userName=demouser,208,0,0
1731938461691,208,SearchByKeyword,200,OK,Thread Group 1-37,text,true,,1005,576,50,50,https://bstackdemo.com/api/products?userName=demouser,208,0,0
1731938461692,207,SearchByKeyword,200,OK,Thread Group 1-24,text,true,,1005,576,50,50,https://bstackdemo.com/api/products?userName=demouser,207,0,0
1731938461730,170,ConfirmOrder,200,OK,Thread Group 1-90,text,true,,274,688,48,48,https://bstackdemo.com/api/checkout,170,0,0
1731938461701,201,SearchByKeyword,200,OK,Thread Group 1-48,text,true,,1005,576,48,48,https://bstackdemo.com/api/products?userName=demouser,201,0,0
1731938461703,211,SearchByKeyword,200,OK,Thread Group 1-52,text,true,,1005,576,47,47,https://bstackdemo.com/api/products?userName=demouser,211,0,0
1731938461710,205,SearchByKeyword,200,OK,Thread Group 1-54,text,true,,1005,576,47,47,https://bstackdemo.com/api/products?userName=demouser,204,0,0
1731938461694,223,SearchByKeyword,200,OK,Thread Group 1-31,text,true,,1005,576,45,45,https://bstackdemo.com/api/products?userName=demouser,223,0,0
1731938461717,200,SearchByKeyword,200,OK,Thread Group 1-50,text,true,,1005,576,45,45,https://bstackdemo.com/api/products?userName=demouser,200,0,0
1731938461716,203,SearchByKeyword,200,OK,Thread Group 1-56,text,true,,1005,576,44,44,https://bstackdemo.com/api/products?userName=demouser,202,0,0
1731938461699,221,SearchByKeyword,200,OK,Thread Group 1-13,text,true,,1005,576,43,43,https://bstackdemo.com/api/products?userName=demouser,221,0,0
1731938461719,208,SearchByKeyword,200,OK,Thread Group 1-32,text,true,,1005,576,41,41,https://bstackdemo.com/api/products?userName=demouser,208,0,0
1731938461723,211,SearchByKeyword,200,OK,Thread Group 1-18,text,true,,1005,576,40,40,https://bstackdemo.com/api/products?userName=demouser,210,0,0
1731938461730,209,SearchByKeyword,200,OK,Thread Group 1-20,text,true,,1005,576,39,39,https://bstackdemo.com/api/products?userName=demouser,209,0,0
1731938461719,221,SearchByKeyword,200,OK,Thread Group 1-7,text,true,,1005,576,39,39,https://bstackdemo.com/api/products?userName=demouser,220,0,0
1731938461735,205,SearchByKeyword,200,OK,Thread Group 1-10,text,true,,1005,576,39,39,https://bstackdemo.com/api/products?userName=demouser,204,0,0
1731938461737,203,SearchByKeyword,200,OK,Thread Group 1-40,text,true,,1005,576,39,39,https://bstackdemo.com/api/products?userName=demouser,203,0,0
1731938461735,207,SearchByKeyword,200,OK,Thread Group 1-6,text,true,,1005,576,37,37,https://bstackdemo.com/api/products?userName=demouser,207,0,0
1731938461786,160,ConfirmOrder,200,OK,Thread Group 1-93,text,true,,274,688,34,34,https://bstackdemo.com/api/checkout,159,0,0
1731938461742,207,SearchByKeyword,200,OK,Thread Group 1-53,text,true,,1005,576,34,34,https://bstackdemo.com/api/products?userName=demouser,207,0,0
1731938461740,211,SearchByKeyword,200,OK,Thread Group 1-4,text,true,,1005,576,33,33,https://bstackdemo.com/api/products?userName=demouser,211,0,0
1731938461791,162,ConfirmOrder,200,OK,Thread Group 1-85,text,true,,274,688,32,32,https://bstackdemo.com/api/checkout,162,0,0
1731938461792,164,ConfirmOrder,200,OK,Thread Group 1-80,text,true,,274,688,32,32,https://bstackdemo.com/api/checkout,164,0,0
1731938461791,168,ConfirmOrder,200,OK,Thread Group 1-69,text,true,,274,688,32,32,https://bstackdemo.com/api/checkout,168,0,0
1731938461751,208,SearchByKeyword,200,OK,Thread Group 1-51,text,true,,1005,576,32,32,https://bstackdemo.com/api/products?userName=demouser,207,0,0
1731938461753,212,SearchByKeyword,200,OK,Thread Group 1-44,text,true,,1005,576,31,31,https://bstackdemo.com/api/products?userName=demouser,212,0,0
1731938461750,215,SearchByKeyword,200,OK,Thread Group 1-25,text,true,,1005,576,31,31,https://bstackdemo.com/api/products?userName=demouser,215,0,0
1731938461764,202,SearchByKeyword,200,OK,Thread Group 1-35,text,true,,1005,576,31,31,https://bstackdemo.com/api/products?userName=demouser,202,0,0
1731938461795,172,ConfirmOrder,200,OK,Thread Group 1-83,text,true,,274,688,29,29,https://bstackdemo.com/api/checkout,172,0,0
1731938461761,207,SearchByKeyword,200,OK,Thread Group 1-45,text,true,,1005,576,28,28,https://bstackdemo.com/api/products?userName=demouser,207,0,0
1731938461763,215,SearchByKeyword,200,OK,Thread Group 1-2,text,true,,1005,576,27,27,https://bstackdemo.com/api/products?userName=demouser,215,0,0
1731938461774,207,SearchByKeyword,200,OK,Thread Group 1-46,text,true,,1005,576,26,26,https://bstackdemo.com/api/products?userName=demouser,207,0,0
1731938461789,194,SearchByKeyword,200,OK,Thread Group 1-78,text,true,,1005,576,25,25,https://bstackdemo.com/api/products?userName=demouser,194,0,0
1731938461784,206,SearchByKeyword,200,OK,Thread Group 1-47,text,true,,1005,576,24,24,https://bstackdemo.com/api/products?userName=demouser,206,0,0
1731938461781,209,SearchByKeyword,200,OK,Thread Group 1-19,text,true,,1005,576,24,24,https://bstackdemo.com/api/products?userName=demouser,209,0,0
1731938461791,200,SearchByKeyword,200,OK,Thread Group 1-16,text,true,,1005,576,24,24,https://bstackdemo.com/api/products?userName=demouser,200,0,0
1731938461792,200,SearchByKeyword,200,OK,Thread Group 1-91,text,true,,1005,576,22,22,https://bstackdemo.com/api/products?userName=demouser,200,0,0
1731938461792,204,SearchByKeyword,200,OK,Thread Group 1-49,text,true,,1005,576,20,20,https://bstackdemo.com/api/products?userName=demouser,204,0,0
1731938461793,203,SearchByKeyword,200,OK,Thread Group 1-82,text,true,,1005,576,20,20,https://bstackdemo.com/api/products?userName=demouser,203,0,0
1731938461796,211,SearchByKeyword,200,OK,Thread Group 1-43,text,true,,1005,576,18,18,https://bstackdemo.com/api/products?userName=demouser,211,0,0
1731938461799,216,SearchByKeyword,200,OK,Thread Group 1-29,text,true,,1005,576,17,17,https://bstackdemo.com/api/products?userName=demouser,216,0,0
1731938461811,218,SearchByKeyword,200,OK,Thread Group 1-22,text,true,,1005,576,16,16,https://bstackdemo.com/api/products?userName=demouser,217,0,0
1731938461837,198,SearchByKeyword,200,OK,Thread Group 1-95,text,true,,1005,576,15,15,https://bstackdemo.com/api/products?userName=demouser,198,0,0
1731938461831,210,SearchByKeyword,200,OK,Thread Group 1-84,text,true,,1005,576,14,14,https://bstackdemo.com/api/products?userName=demouser,209,0,0
1731938461847,199,SearchByKeyword,200,OK,Thread Group 1-94,text,true,,1005,576,13,13,https://bstackdemo.com/api/products?userName=demouser,198,0,0
1731938461855,200,SearchByKeyword,200,OK,Thread Group 1-92,text,true,,1005,576,12,12,https://bstackdemo.com/api/products?userName=demouser,200,0,0
1731938461877,204,SearchByKeyword,200,OK,Thread Group 1-99,text,true,,1005,576,11,11,https://bstackdemo.com/api/products?userName=demouser,203,0,0
1731938461878,203,SearchByKeyword,200,OK,Thread Group 1-100,text,true,,1005,576,11,11,https://bstackdemo.com/api/products?userName=demouser,202,0,0
1731938461889,195,SearchByKeyword,200,OK,Thread Group 1-96,text,true,,1005,576,9,9,https://bstackdemo.com/api/products?userName=demouser,194,0,0
1731938461896,201,SearchByKeyword,200,OK,Thread Group 1-98,text,true,,1005,576,8,8,https://bstackdemo.com/api/products?userName=demouser,201,0,0
1731938461901,204,SearchByKeyword,200,OK,Thread Group 1-90,text,true,,1005,576,7,7,https://bstackdemo.com/api/products?userName=demouser,204,0,0
1731938461967,170,SearchByKeyword,200,OK,Thread Group 1-83,text,true,,1005,576,6,6,https://bstackdemo.com/api/products?userName=demouser,170,0,0
1731938461946,201,SearchByKeyword,200,OK,Thread Group 1-93,text,true,,1005,576,5,5,https://bstackdemo.com/api/products?userName=demouser,201,0,0
1731938461953,201,SearchByKeyword,200,OK,Thread Group 1-85,text,true,,1005,576,4,4,https://bstackdemo.com/api/products?userName=demouser,200,0,0
1731938461956,207,SearchByKeyword,200,OK,Thread Group 1-80,text,true,,1005,576,3,3,https://bstackdemo.com/api/products?userName=demouser,206,0,0
1731938461959,215,SearchByKeyword,200,OK,Thread Group 1-69,text,true,,1005,576,2,2,https://bstackdemo.com/api/products?userName=demouser,215,0,0
1731938460709,1658,LunchBrowser,200,OK,Thread Group 1-97,text,true,,1466,697,1,1,https://bstackdemo.com/,1657,0,1493
1731938462368,161,SignIn,200,OK,Thread Group 1-97,text,true,,274,712,1,1,https://bstackdemo.com/api/signin,161,0,0
1731938462529,162,Orders,404,Not Found,Thread Group 1-97,text,false,,1620,579,1,1,https://bstackdemo.com/api/rders?userName=demouser,162,0,0
1731938462692,157,ConfirmOrder,200,OK,Thread Group 1-97,text,true,,274,688,1,1,https://bstackdemo.com/api/checkout,157,0,0
1731938462850,158,SearchByKeyword,200,OK,Thread Group 1-97,text,true,,1005,576,1,1,https://bstackdemo.com/api/products?userName=demouser,158,0,0
